TransactionID,AccountNumber,Amount,Currency,TransactionType,TransactionDate,Description
TXN-1000001,ACC-500277,7836.25,USD,DEPOSIT,2024-11-25,Legacy Txn #1 - DEPOSIT transfer via Online Portal
TXN-1000002,ACC-500274,14543.81,USD,INTEREST,09/25/2023,Legacy Txn #2 - INTEREST transfer via Online Portal
TXN-1000003,ACC-500265,3341.16,USD,WITHDRAWAL,2023-02-16,Legacy Txn #3 - WITHDRAWAL transfer via Online Portal
TXN-1000004,ACC-500236,"9,486.91",USD,FEE,2023-05-21,Legacy Txn #4 - FEE transfer via Online Portal
TXN-1000005,ACC-500077,8071.57,USD,WITHDRAWAL,2024-02-18,Legacy Txn #5 - WITHDRAWAL transfer via Online Portal
TXN-1000006,ACC-500246,35.85,EUR,WITHDRAWAL,2024-06-08,Legacy Txn #6 - WITHDRAWAL transfer via Online Portal
TXN-1000007,ACC-500106,10550.64,USD,INTEREST,2023-09-26,Legacy Txn #7 - INTEREST transfer via Online Portal
TXN-1000008,ACC-500074,13497.1,USD,WITHDRAWAL,2023-10-13,Legacy Txn #8 - WITHDRAWAL transfer via Online Portal
TXN-1000009,ACC-500191,6404.50,USD,ACH_DEBIT,2024-13-45,Legacy Txn #9 - ACH_DEBIT transfer via Online Portal
TXN-1000010,ACC-500037,4834.65,EUR,FEE,2024-08-27,Legacy Txn #10 - FEE transfer via Online Portal
TXN-1000011,ACC-500116,13886.92,EUR,FEE,2023-08-20,Legacy Txn #11 - FEE transfer via Online Portal
TXN-1000012,ACC-500136,12798.99,EUR,DEPOSIT,11/08/2024,Legacy Txn #12 - DEPOSIT transfer via Online Portal
TXN-1000013,ACC-500186,12303.38,EUR,INTEREST,2023-04-26,Legacy Txn #13 - INTEREST transfer via Online Portal
TXN-1000014,ACC-500016,556.82,USD,INTEREST,2023-10-06,Legacy Txn #14 - INTEREST transfer via Online Portal
TXN-1000015,ACC-500256,7655.46,USD,INTEREST,2023-02-09,Legacy Txn #15 - INTEREST transfer via Online Portal
TXN-1000016,ACC-500292,2195.38,USD,INTEREST,2023-07-24,Legacy Txn #16 - INTEREST transfer via Online Portal
TXN-1000017,ACC-500019,"2,257.11",USD,DEPOSIT,2024-13-45,Legacy Txn #17 - DEPOSIT transfer via Online Portal
TXN-1000018,ACC-500102,7733.38,USD,ACH_DEBIT,2024-08-09,Legacy Txn #18 - ACH_DEBIT transfer via Online Portal
TXN-1000019,ACC-500010,1124.42,USD,DEPOSIT,2024-06-29,Legacy Txn #19 - DEPOSIT transfer via Online Portal
TXN-1000020,ACC-500065,3039.21,USD,WIRE_TRANSFER,2023-10-05,Legacy Txn #20 - WIRE_TRANSFER transfer via Online Portal
TXN-1000021,ACC-500221,8054.81,EUR,INTEREST,2023-04-14,Legacy Txn #21 - INTEREST transfer via Online Portal
TXN-1000022,ACC-500187,2880.56,USD,ACH_DEBIT,2023-03-31,Legacy Txn #22 - ACH_DEBIT transfer via Online Portal
TXN-1000023,ACC-500296,8457.58,USD,WITHDRAWAL,2023-11-23,Legacy Txn #23 - WITHDRAWAL transfer via Online Portal
TXN-1000024,ACC-500160,7265.00,EUR,FEE,2023-09-22,Legacy Txn #24 - FEE transfer via Online Portal
TXN-1000025,ACC-500132,920.49,EUR,FEE,2024-12-02,Legacy Txn #25 - FEE transfer via Online Portal
TXN-1000026,ACC-500085,13069.98,USD,WITHDRAWAL,2023-03-19,Legacy Txn #26 - WITHDRAWAL transfer via Online Portal
TXN-1000027,ACC-500029,322.84,USD,INTEREST,2024-01-20,Legacy Txn #27 - INTEREST transfer via Online Portal
TXN-1000028,ACC-500212,4726.98,EUR,ACH_DEBIT,2023-07-05,Legacy Txn #28 - ACH_DEBIT transfer via Online Portal
TXN-1000029,ACC-500184,5475.67,USD,DEPOSIT,2023-08-11,Legacy Txn #29 - DEPOSIT transfer via Online Portal
TXN-1000030,ACC-500162,7220.17,EUR,WIRE_TRANSFER,2024-01-01,Legacy Txn #30 - WIRE_TRANSFER transfer via Online Portal
TXN-1000031,ACC-500099,14358.43,USD,INTEREST,2023-03-04,Legacy Txn #31 - INTEREST transfer via Online Portal
TXN-1000032,ACC-500161,8533.72,USD,FEE,2024-10-08,Legacy Txn #32 - FEE transfer via Online Portal
TXN-1000033,ACC-500192,7573.89,USD,ACH_DEBIT,2023-12-05,Legacy Txn #33 - ACH_DEBIT transfer via Online Portal
TXN-1000034,ACC-500146,594.42,EUR,ACH_DEBIT,2024-01-25,Legacy Txn #34 - ACH_DEBIT transfer via Online Portal
TXN-1000035,ACC-500019,10110.10,USD,ACH_DEBIT,2024-04-15,Legacy Txn #35 - ACH_DEBIT transfer via Online Portal
TXN-1000036,ACC-500214,740.38,EUR,INTEREST,04-06-2024,Legacy Txn #36 - INTEREST transfer via Online Portal
TXN-1000037,ACC-500039,8202.25,EUR,DEPOSIT,2023-01-16,Legacy Txn #37 - DEPOSIT transfer via Online Portal
TXN-1000038,ACC-500052,4636.86,USD,INTEREST,2024-02-06,Legacy Txn #38 - INTEREST transfer via Online Portal
TXN-1000039,ACC-500149,"$1,474.74",USD,WIRE_TRANSFER,08-11-2024,Legacy Txn #39 - WIRE_TRANSFER transfer via Online Portal
TXN-1000040,ACC-500046,755.70,USD,WIRE_TRANSFER,2023-11-16,Legacy Txn #40 - WIRE_TRANSFER transfer via Online Portal
TXN-1000041,ACC-500207,10989.84,USD,DEPOSIT,2023-11-21,Legacy Txn #41 - DEPOSIT transfer via Online Portal
TXN-1000042,ACC-500128,10683.64,EUR,INTEREST,2024-06-14,Legacy Txn #42 - INTEREST transfer via Online Portal
TXN-1000043,ACC-500254,9443.02,USD,FEE,2024-09-25,Legacy Txn #43 - FEE transfer via Online Portal
TXN-1000044,ACC-500078,10048.81,USD,WIRE_TRANSFER,2023-07-03,Legacy Txn #44 - WIRE_TRANSFER transfer via Online Portal
TXN-1000045,ACC-500145,10304.75,EUR,WITHDRAWAL,2023-04-09,Legacy Txn #45 - WITHDRAWAL transfer via Online Portal
TXN-1000046,ACC-500118,8678.05,USD,ACH_DEBIT,2023-03-25,Legacy Txn #46 - ACH_DEBIT transfer via Online Portal
TXN-1000047,ACC-500259,10619.03,USD,ACH_DEBIT,2024-07-16,Legacy Txn #47 - ACH_DEBIT transfer via Online Portal
TXN-1000048,ACC-500072,12519.58,USD,WIRE_TRANSFER,2024-04-07,Legacy Txn #48 - WIRE_TRANSFER transfer via Online Portal
TXN-1000049,ACC-500172,8379.83,USD,FEE,2024-05-23,Legacy Txn #49 - FEE transfer via Online Portal
TXN-1000050,ACC-999999,2645.0,USD,WIRE_TRANSFER,2024-04-29,Legacy Txn #50 - WIRE_TRANSFER transfer via Online Portal
TXN-1000051,ACC-500267,1055.2,EUR,INTEREST,06/21/2024,Legacy Txn #51 - INTEREST transfer via Online Portal
TXN-1000052,ACC-500173,207.26,USD,ACH_DEBIT,2024-11-28,Legacy Txn #52 - ACH_DEBIT transfer via Online Portal
TXN-1000053,ACC-500027,"8,746.46",USD,WIRE_TRANSFER,2023-10-21,Legacy Txn #53 - WIRE_TRANSFER transfer via Online Portal
TXN-1000054,ACC-500018,12612.33,USD,WIRE_TRANSFER,2023-02-17,Legacy Txn #54 - WIRE_TRANSFER transfer via Online Portal
TXN-1000055,ACC-500167,1683.81,EUR,WITHDRAWAL,2024-03-20,Legacy Txn #55 - WITHDRAWAL transfer via Online Portal
TXN-1000056,ACC-500082,450.03,EUR,FEE,09/30/2024,Legacy Txn #56 - FEE transfer via Online Portal
TXN-1000057,ACC-500094,9842.77,USD,INTEREST,2023-06-15,Legacy Txn #57 - INTEREST transfer via Online Portal
TXN-1000058,ACC-500167,9639.45,USD,WIRE_TRANSFER,2023-09-30,Legacy Txn #58 - WIRE_TRANSFER transfer via Online Portal
TXN-1000059,ACC-500011,2046.49,EUR,FEE,2024-03-27,Legacy Txn #59 - FEE transfer via Online Portal
TXN-1000060,ACC-500001,1899.26,USD,DEPOSIT,2023-03-28,Legacy Txn #60 - DEPOSIT transfer via Online Portal
TXN-1000061,ACC-500156,9837.89,EUR,WITHDRAWAL,2023-10-03,Legacy Txn #61 - WITHDRAWAL transfer via Online Portal
TXN-1000062,ACC-500123,2282.54,EUR,DEPOSIT,30-07-2024,Legacy Txn #62 - DEPOSIT transfer via Online Portal
TXN-1000063,ACC-500211,2175.21,USD,FEE,2023-05-03,Legacy Txn #63 - FEE transfer via Online Portal
TXN-1000064,ACC-500033,"$5,544.36",USD,ACH_DEBIT,2023-02-27,Legacy Txn #64 - ACH_DEBIT transfer via Online Portal
TXN-1000065,ACC-500289,10488.51,EUR,ACH_DEBIT,2023-09-28,Legacy Txn #65 - ACH_DEBIT transfer via Online Portal
TXN-1000066,ACC-500228,10242.31,EUR,WITHDRAWAL,2023-06-11,Legacy Txn #66 - WITHDRAWAL transfer via Online Portal
TXN-1000067,ACC-500038,9305.47,USD,INTEREST,2024-10-23,Legacy Txn #67 - INTEREST transfer via Online Portal
TXN-1000068,ACC-500038,7778.06,USD,ACH_DEBIT,2024-10-21,Legacy Txn #68 - ACH_DEBIT transfer via Online Portal
TXN-1000069,ACC-500078,4315.89,EUR,INTEREST,2023-10-02,Legacy Txn #69 - INTEREST transfer via Online Portal
TXN-1000070,ACC-500129,13384.01,EUR,WITHDRAWAL,2023-05-20,Legacy Txn #70 - WITHDRAWAL transfer via Online Portal
TXN-1000071,ACC-500040,3809.36,USD,ACH_DEBIT,2024-06-11,Legacy Txn #71 - ACH_DEBIT transfer via Online Portal
TXN-1000072,ACC-500233,4206.43,USD,ACH_DEBIT,06/12/2023,Legacy Txn #72 - ACH_DEBIT transfer via Online Portal
TXN-1000073,ACC-500029,1686.58,USD,WITHDRAWAL,2024-08-01,Legacy Txn #73 - WITHDRAWAL transfer via Online Portal
TXN-1000074,ACC-500062,881.0,EUR,WIRE_TRANSFER,2024-04-01,Legacy Txn #74 - WIRE_TRANSFER transfer via Online Portal
TXN-1000075,ACC-500225,4545.75,USD,WITHDRAWAL,03/26/2023,Legacy Txn #75 - WITHDRAWAL transfer via Online Portal
TXN-1000076,ACC-500103,10249.18,USD,ACH_DEBIT,2023-07-27,Legacy Txn #76 - ACH_DEBIT transfer via Online Portal
TXN-1000077,ACC-500036,7392.93,USD,WIRE_TRANSFER,2023-08-17,Legacy Txn #77 - WIRE_TRANSFER transfer via Online Portal
TXN-1000078,ACC-500018,7041.29,USD,ACH_DEBIT,2023-07-14,Legacy Txn #78 - ACH_DEBIT transfer via Online Portal
TXN-1000079,ACC-500210,13805.33,EUR,INTEREST,2024-12-05,Legacy Txn #79 - INTEREST transfer via Online Portal
TXN-1000080,ACC-500091,"5,427.62",USD,ACH_DEBIT,10/30/2023,Legacy Txn #80 - ACH_DEBIT transfer via Online Portal
TXN-1000081,ACC-500038,3977.86,USD,WIRE_TRANSFER,25-12-2023,Legacy Txn #81 - WIRE_TRANSFER transfer via Online Portal
TXN-1000082,ACC-500172,10785.38,USD,ACH_DEBIT,2024-12-27,Legacy Txn #82 - ACH_DEBIT transfer via Online Portal
TXN-1000083,ACC-500224,1981.04,EUR,FEE,2023-10-25,Legacy Txn #83 - FEE transfer via Online Portal
TXN-1000084,ACC-500048,11187.62,USD,WITHDRAWAL,2023-03-19,Legacy Txn #84 - WITHDRAWAL transfer via Online Portal
TXN-1000085,ACC-999999,4521.21,EUR,ACH_DEBIT,2023-04-02,Legacy Txn #85 - ACH_DEBIT transfer via Online Portal
TXN-1000086,ACC-500119,6107.38,USD,ACH_DEBIT,2023-09-17,Legacy Txn #86 - ACH_DEBIT transfer via Online Portal
TXN-1000087,ACC-500025,11313.87,USD,ACH_DEBIT,10/21/2023,Legacy Txn #87 - ACH_DEBIT transfer via Online Portal
TXN-1000088,ACC-500035,8048.03,USD,INTEREST,2023-05-21,Legacy Txn #88 - INTEREST transfer via Online Portal
TXN-1000089,ACC-500010,10735.89,EUR,DEPOSIT,2023-04-29,Legacy Txn #89 - DEPOSIT transfer via Online Portal
TXN-1000090,ACC-500275,14858.57,USD,WIRE_TRANSFER,2024-10-01,Legacy Txn #90 - WIRE_TRANSFER transfer via Online Portal
TXN-1000091,ACC-500241,12918.1,USD,INTEREST,2023-04-07,Legacy Txn #91 - INTEREST transfer via Online Portal
TXN-1000092,ACC-500226,13336.63,USD,INTEREST,2024-09-01,Legacy Txn #92 - INTEREST transfer via Online Portal
TXN-1000093,ACC-500115,14721.39,USD,DEPOSIT,2024-11-28,Legacy Txn #93 - DEPOSIT transfer via Online Portal
TXN-1000094,ACC-500157,4291.64,USD,WITHDRAWAL,2023-03-07,Legacy Txn #94 - WITHDRAWAL transfer via Online Portal
TXN-1000095,ACC-500265,14143.52,EUR,ACH_DEBIT,2023-02-24,Legacy Txn #95 - ACH_DEBIT transfer via Online Portal
TXN-1000096,ACC-500191,7353.96,USD,WITHDRAWAL,2024-04-27,Legacy Txn #96 - WITHDRAWAL transfer via Online Portal
TXN-1000097,ACC-999999,5820.47,USD,WIRE_TRANSFER,2024-10-09,Legacy Txn #97 - WIRE_TRANSFER transfer via Online Portal
TXN-1000098,ACC-500286,1952.00,USD,WIRE_TRANSFER,2024-09-02,Legacy Txn #98 - WIRE_TRANSFER transfer via Online Portal
TXN-1000099,ACC-500154,4871.29,EUR,WIRE_TRANSFER,2024-12-21,Legacy Txn #99 - WIRE_TRANSFER transfer via Online Portal
TXN-1000100,ACC-500078,8132.98,USD,WITHDRAWAL,2023-01-03,Legacy Txn #100 - WITHDRAWAL transfer via Online Portal
TXN-1000101,ACC-500290,11500.99,EUR,WITHDRAWAL,2023-05-09,Legacy Txn #101 - WITHDRAWAL transfer via Online Portal
TXN-1000102,ACC-500207,7105.75,USD,INTEREST,2023-09-21,Legacy Txn #102 - INTEREST transfer via Online Portal
TXN-1000103,ACC-500232,7559.12,USD,DEPOSIT,2023-10-24,Legacy Txn #103 - DEPOSIT transfer via Online Portal
TXN-1000104,ACC-500218,8460.33,USD,WIRE_TRANSFER,2023-10-15,Legacy Txn #104 - WIRE_TRANSFER transfer via Online Portal
TXN-1000105,ACC-500204,13285.04,USD,INTEREST,2023-09-03,Legacy Txn #105 - INTEREST transfer via Online Portal
TXN-1000106,ACC-500037,3276.95,USD,FEE,2023-06-05,Legacy Txn #106 - FEE transfer via Online Portal
TXN-1000107,ACC-500027,503.52,USD,FEE,2024-02-04,Legacy Txn #107 - FEE transfer via Online Portal
TXN-1000108,ACC-999999,"$13,396.73",USD,WIRE_TRANSFER,2024-05-24,Legacy Txn #108 - WIRE_TRANSFER transfer via Online Portal
TXN-1000109,ACC-500109,8140.43,USD,FEE,2023-09-22,Legacy Txn #109 - FEE transfer via Online Portal
TXN-1000110,ACC-500220,13316.82,EUR,INTEREST,2024-02-24,Legacy Txn #110 - INTEREST transfer via Online Portal
TXN-1000111,ACC-999999,8193.32,EUR,ACH_DEBIT,2024-01-02,Legacy Txn #111 - ACH_DEBIT transfer via Online Portal
TXN-1000112,ACC-500034,451.90,USD,FEE,2023-12-24,Legacy Txn #112 - FEE transfer via Online Portal
TXN-1000113,ACC-500105,4761.20 USD,USD,ACH_DEBIT,2024-04-13,Legacy Txn #113 - ACH_DEBIT transfer via Online Portal
TXN-1000114,ACC-500190,9801.45,EUR,DEPOSIT,2024-05-30,Legacy Txn #114 - DEPOSIT transfer via Online Portal
TXN-1000115,ACC-500209,"$10,217.39",EUR,FEE,2024-06-04,Legacy Txn #115 - FEE transfer via Online Portal
TXN-1000116,ACC-500241,13735.88,USD,WITHDRAWAL,2023-07-27,Legacy Txn #116 - WITHDRAWAL transfer via Online Portal
TXN-1000117,ACC-500127,9907.06,USD,WITHDRAWAL,2023-01-27,Legacy Txn #117 - WITHDRAWAL transfer via Online Portal
TXN-1000118,ACC-500180,9452.93,USD,ACH_DEBIT,11/23/2024,Legacy Txn #118 - ACH_DEBIT transfer via Online Portal
TXN-1000119,ACC-500284,1536.74,EUR,ACH_DEBIT,2023-07-13,Legacy Txn #119 - ACH_DEBIT transfer via Online Portal
TXN-1000120,ACC-500081,14111.36,EUR,INTEREST,2023-09-12,Legacy Txn #120 - INTEREST transfer via Online Portal
TXN-1000121,ACC-500061,1124.26,EUR,FEE,2024-07-21,Legacy Txn #121 - FEE transfer via Online Portal
TXN-1000122,ACC-999999,13994.49,USD,INTEREST,2023-01-04,Legacy Txn #122 - INTEREST transfer via Online Portal
TXN-1000123,ACC-500029,8069.76,USD,ACH_DEBIT,2024-07-19,Legacy Txn #123 - ACH_DEBIT transfer via Online Portal
TXN-1000124,ACC-500096,9239.83,USD,DEPOSIT,2023-12-04,Legacy Txn #124 - DEPOSIT transfer via Online Portal
TXN-1000125,ACC-500124,4103.65,EUR,INTEREST,2023-06-26,Legacy Txn #125 - INTEREST transfer via Online Portal
TXN-1000126,ACC-500027,14626.85,USD,WITHDRAWAL,2023-10-06,Legacy Txn #126 - WITHDRAWAL transfer via Online Portal
TXN-1000127,ACC-500140,3169.60,EUR,WIRE_TRANSFER,2024-05-22,Legacy Txn #127 - WIRE_TRANSFER transfer via Online Portal
TXN-1000128,ACC-500057,11307.28,USD,WIRE_TRANSFER,2023-09-02,Legacy Txn #128 - WIRE_TRANSFER transfer via Online Portal
TXN-1000129,ACC-500272,4665.90,USD,WIRE_TRANSFER,2024-08-31,Legacy Txn #129 - WIRE_TRANSFER transfer via Online Portal
TXN-1000130,ACC-500068,9527.81,USD,FEE,2023-03-09,Legacy Txn #130 - FEE transfer via Online Portal
TXN-1000131,ACC-500216,629.40,EUR,INTEREST,2024-04-14,Legacy Txn #131 - INTEREST transfer via Online Portal
TXN-1000132,ACC-500126,337.04,EUR,WIRE_TRANSFER,2023-02-20,Legacy Txn #132 - WIRE_TRANSFER transfer via Online Portal
TXN-1000133,ACC-500144,12293.60,USD,FEE,2023-07-15,Legacy Txn #133 - FEE transfer via Online Portal
TXN-1000134,ACC-500255,3785.80,USD,DEPOSIT,2023-12-18,Legacy Txn #134 - DEPOSIT transfer via Online Portal
TXN-1000135,ACC-500057,2934.70,USD,ACH_DEBIT,2023-07-17,Legacy Txn #135 - ACH_DEBIT transfer via Online Portal
TXN-1000136,ACC-500231,8949.20,EUR,ACH_DEBIT,2023-11-11,Legacy Txn #136 - ACH_DEBIT transfer via Online Portal
TXN-1000137,ACC-500124,11603.85,USD,INTEREST,2024-04-19,Legacy Txn #137 - INTEREST transfer via Online Portal
TXN-1000138,ACC-500154,"14,610.27",USD,WIRE_TRANSFER,2024-08-14,Legacy Txn #138 - WIRE_TRANSFER transfer via Online Portal
TXN-1000139,ACC-500132,646.06,USD,DEPOSIT,1677974400,Legacy Txn #139 - DEPOSIT transfer via Online Portal
TXN-1000140,ACC-500138,8413.13,USD,INTEREST,2023-08-04,Legacy Txn #140 - INTEREST transfer via Online Portal
TXN-1000141,ACC-500207,12220.33,EUR,INTEREST,2024-01-15,Legacy Txn #141 - INTEREST transfer via Online Portal
TXN-1000142,ACC-999999,2309.53,USD,WIRE_TRANSFER,2023-06-17,Legacy Txn #142 - WIRE_TRANSFER transfer via Online Portal
TXN-1000143,ACC-500025,11608.37,USD,FEE,2024-08-22,Legacy Txn #143 - FEE transfer via Online Portal
TXN-1000144,ACC-500074,11302.83,EUR,FEE,2023-02-18,Legacy Txn #144 - FEE transfer via Online Portal
TXN-1000145,ACC-500050,1738.48,EUR,WITHDRAWAL,2024-09-15,Legacy Txn #145 - WITHDRAWAL transfer via Online Portal
TXN-1000146,ACC-500097,8725.31,USD,FEE,2024-08-15,Legacy Txn #146 - FEE transfer via Online Portal
TXN-1000147,ACC-500187,9255.49,USD,INTEREST,2023-05-09,Legacy Txn #147 - INTEREST transfer via Online Portal
TXN-1000148,ACC-500131,12479.89,EUR,INTEREST,2023-07-06,Legacy Txn #148 - INTEREST transfer via Online Portal
TXN-1000149,ACC-500294,5011.33,USD,WITHDRAWAL,2023-05-22,Legacy Txn #149 - WITHDRAWAL transfer via Online Portal
TXN-1000150,ACC-500088,9414.19,USD,FEE,2024-03-09,Legacy Txn #150 - FEE transfer via Online Portal
TXN-1000151,ACC-500048,2698.99,EUR,ACH_DEBIT,2023-05-10,Legacy Txn #151 - ACH_DEBIT transfer via Online Portal
TXN-1000152,ACC-500175,5596.60,EUR,ACH_DEBIT,2024-07-29,Legacy Txn #152 - ACH_DEBIT transfer via Online Portal
TXN-1000153,ACC-500048,10066.89,USD,WITHDRAWAL,2023-05-21,Legacy Txn #153 - WITHDRAWAL transfer via Online Portal
TXN-1000154,ACC-500020,"1,621.25",USD,DEPOSIT,2024-10-08,Legacy Txn #154 - DEPOSIT transfer via Online Portal
TXN-1000155,ACC-500008,13320.24,USD,INTEREST,2024-01-26,Legacy Txn #155 - INTEREST transfer via Online Portal
TXN-1000156,ACC-999999,4791.28,EUR,DEPOSIT,2024-12-04,Legacy Txn #156 - DEPOSIT transfer via Online Portal
TXN-1000157,ACC-500039,1241.79,USD,ACH_DEBIT,2024-10-23,Legacy Txn #157 - ACH_DEBIT transfer via Online Portal
TXN-1000158,ACC-500281,2529.50,USD,WITHDRAWAL,2024-02-14,Legacy Txn #158 - WITHDRAWAL transfer via Online Portal
TXN-1000159,ACC-999999,3107.04,EUR,WITHDRAWAL,2023-05-30,Legacy Txn #159 - WITHDRAWAL transfer via Online Portal
TXN-1000160,ACC-500060,6601.90,USD,WIRE_TRANSFER,2024-09-23,Legacy Txn #160 - WIRE_TRANSFER transfer via Online Portal
TXN-1000161,ACC-500117,2732.13,USD,DEPOSIT,2023-01-12,Legacy Txn #161 - DEPOSIT transfer via Online Portal
TXN-1000162,ACC-500005,11379.9,USD,INTEREST,1696982400,Legacy Txn #162 - INTEREST transfer via Online Portal
TXN-1000163,ACC-500244,8992.83,USD,DEPOSIT,2023-06-20,Legacy Txn #163 - DEPOSIT transfer via Online Portal
TXN-1000164,ACC-500201,1308.39,USD,ACH_DEBIT,2024-03-14,Legacy Txn #164 - ACH_DEBIT transfer via Online Portal
TXN-1000165,ACC-500040,1640.61,USD,ACH_DEBIT,12-08-2024,Legacy Txn #165 - ACH_DEBIT transfer via Online Portal
TXN-1000166,ACC-500152,1363.91,EUR,WIRE_TRANSFER,2023-05-11,Legacy Txn #166 - WIRE_TRANSFER transfer via Online Portal
TXN-1000167,ACC-500152,12903.35,USD,WIRE_TRANSFER,2023-06-12,Legacy Txn #167 - WIRE_TRANSFER transfer via Online Portal
TXN-1000168,ACC-500166,177.05,USD,ACH_DEBIT,2023-10-18,Legacy Txn #168 - ACH_DEBIT transfer via Online Portal
TXN-1000169,ACC-500270,8553.68,USD,ACH_DEBIT,2024-10-07,Legacy Txn #169 - ACH_DEBIT transfer via Online Portal
TXN-1000170,ACC-500083,4888.60,USD,WIRE_TRANSFER,2024-01-20,Legacy Txn #170 - WIRE_TRANSFER transfer via Online Portal
TXN-1000171,ACC-500272,5551.04,EUR,INTEREST,2024-13-45,Legacy Txn #171 - INTEREST transfer via Online Portal
TXN-1000172,ACC-500185,11039.73,EUR,WIRE_TRANSFER,11/19/2023,Legacy Txn #172 - WIRE_TRANSFER transfer via Online Portal
TXN-1000173,ACC-500057,9158.08,EUR,WIRE_TRANSFER,2023-08-25,Legacy Txn #173 - WIRE_TRANSFER transfer via Online Portal
TXN-1000174,ACC-500268,4446.76,EUR,INTEREST,2024-11-19,Legacy Txn #174 - INTEREST transfer via Online Portal
TXN-1000175,ACC-500059,6734.96,USD,WIRE_TRANSFER,2024-02-16,Legacy Txn #175 - WIRE_TRANSFER transfer via Online Portal
TXN-1000176,ACC-500269,5980.31,USD,FEE,2023-04-01,Legacy Txn #176 - FEE transfer via Online Portal
TXN-1000177,ACC-500114,4598.21 USD,USD,DEPOSIT,2024-11-24,Legacy Txn #177 - DEPOSIT transfer via Online Portal
TXN-1000178,ACC-500091,3104.60,EUR,ACH_DEBIT,2024-05-08,Legacy Txn #178 - ACH_DEBIT transfer via Online Portal
TXN-1000179,ACC-500019,13964.8,USD,DEPOSIT,2024-08-24,Legacy Txn #179 - DEPOSIT transfer via Online Portal
TXN-1000180,ACC-500239,10521.73,USD,WITHDRAWAL,2023-07-02,Legacy Txn #180 - WITHDRAWAL transfer via Online Portal
TXN-1000181,ACC-500121,7845.87,EUR,WITHDRAWAL,2024-10-14,Legacy Txn #181 - WITHDRAWAL transfer via Online Portal
TXN-1000182,ACC-999999,3903.84,USD,ACH_DEBIT,2024-06-24,Legacy Txn #182 - ACH_DEBIT transfer via Online Portal
TXN-1000183,ACC-500298,9780.50,EUR,DEPOSIT,2023-02-08,Legacy Txn #183 - DEPOSIT transfer via Online Portal
TXN-1000184,ACC-500093,7438.40,EUR,ACH_DEBIT,2023-11-15,Legacy Txn #184 - ACH_DEBIT transfer via Online Portal
TXN-1000185,ACC-500237,10897.57,USD,ACH_DEBIT,2024-08-12,Legacy Txn #185 - ACH_DEBIT transfer via Online Portal
TXN-1000186,ACC-500032,8941.72,EUR,DEPOSIT,2024-02-03,Legacy Txn #186 - DEPOSIT transfer via Online Portal
TXN-1000187,ACC-500030,5487.38,USD,WIRE_TRANSFER,2023-01-23,Legacy Txn #187 - WIRE_TRANSFER transfer via Online Portal
TXN-1000188,ACC-500201,13139.65,USD,WIRE_TRANSFER,2023-09-29,Legacy Txn #188 - WIRE_TRANSFER transfer via Online Portal
TXN-1000189,ACC-500209,9583.44,USD,ACH_DEBIT,2023-12-02,Legacy Txn #189 - ACH_DEBIT transfer via Online Portal
TXN-1000190,ACC-500062,7416.72,EUR,FEE,2023-09-08,Legacy Txn #190 - FEE transfer via Online Portal
TXN-1000191,ACC-500078,148.07,USD,FEE,2023-02-24,Legacy Txn #191 - FEE transfer via Online Portal
TXN-1000192,ACC-500036,5925.16,EUR,WIRE_TRANSFER,2024-08-19,Legacy Txn #192 - WIRE_TRANSFER transfer via Online Portal
TXN-1000193,ACC-500119,8690.45,USD,DEPOSIT,2024-08-08,Legacy Txn #193 - DEPOSIT transfer via Online Portal
TXN-1000194,ACC-500193,4070.87,EUR,DEPOSIT,2024-07-22,Legacy Txn #194 - DEPOSIT transfer via Online Portal
TXN-1000195,ACC-500056,9634.61,USD,FEE,2023-06-23,Legacy Txn #195 - FEE transfer via Online Portal
TXN-1000196,ACC-500056,13681.20,USD,ACH_DEBIT,2024-04-01,Legacy Txn #196 - ACH_DEBIT transfer via Online Portal
TXN-1000197,ACC-500286,4667.70,EUR,WIRE_TRANSFER,2023-07-03,Legacy Txn #197 - WIRE_TRANSFER transfer via Online Portal
TXN-1000198,ACC-500125,8681.31,USD,INTEREST,2024-03-27,Legacy Txn #198 - INTEREST transfer via Online Portal
TXN-1000199,ACC-500266,6498.43,USD,WIRE_TRANSFER,07/23/2023,Legacy Txn #199 - WIRE_TRANSFER transfer via Online Portal
TXN-1000200,ACC-500201,3938.98,USD,FEE,2024-08-29,Legacy Txn #200 - FEE transfer via Online Portal
TXN-1000201,ACC-500141,4528.88,USD,ACH_DEBIT,2024-13-45,Legacy Txn #201 - ACH_DEBIT transfer via Online Portal
TXN-1000202,ACC-500116,5935.28,USD,WIRE_TRANSFER,2024-09-10,Legacy Txn #202 - WIRE_TRANSFER transfer via Online Portal
TXN-1000203,ACC-500146,6990.14,EUR,WITHDRAWAL,1705190400,Legacy Txn #203 - WITHDRAWAL transfer via Online Portal
TXN-1000204,ACC-500186,12647.41,USD,WITHDRAWAL,2023-05-27,Legacy Txn #204 - WITHDRAWAL transfer via Online Portal
TXN-1000205,ACC-500180,9077.81,EUR,WIRE_TRANSFER,2024-11-01,Legacy Txn #205 - WIRE_TRANSFER transfer via Online Portal
TXN-1000206,ACC-500159,2558.15,EUR,WITHDRAWAL,2023-09-23,Legacy Txn #206 - WITHDRAWAL transfer via Online Portal
TXN-1000207,ACC-500251,13725.71,USD,ACH_DEBIT,2024-05-01,Legacy Txn #207 - ACH_DEBIT transfer via Online Portal
TXN-1000208,ACC-500031,10202.86,USD,WIRE_TRANSFER,2023-10-10,Legacy Txn #208 - WIRE_TRANSFER transfer via Online Portal
TXN-1000209,ACC-500237,10457.29,USD,DEPOSIT,2024-04-25,Legacy Txn #209 - DEPOSIT transfer via Online Portal
TXN-1000210,ACC-999999,10635.44,EUR,WIRE_TRANSFER,2023-11-19,Legacy Txn #210 - WIRE_TRANSFER transfer via Online Portal
TXN-1000211,ACC-500201,3245.11,USD,WITHDRAWAL,2024-11-02,Legacy Txn #211 - WITHDRAWAL transfer via Online Portal
TXN-1000212,ACC-500298,2946.47,USD,WITHDRAWAL,2023-06-02,Legacy Txn #212 - WITHDRAWAL transfer via Online Portal
TXN-1000213,ACC-500151,"$2,118.65",EUR,DEPOSIT,2023-10-26,Legacy Txn #213 - DEPOSIT transfer via Online Portal
TXN-1000214,ACC-500105,2009.34,USD,INTEREST,2023-11-03,Legacy Txn #214 - INTEREST transfer via Online Portal
TXN-1000215,ACC-500260,8404.77,EUR,WITHDRAWAL,2023-01-06,Legacy Txn #215 - WITHDRAWAL transfer via Online Portal
TXN-1000216,ACC-500109,12860.32,USD,FEE,2024-07-30,Legacy Txn #216 - FEE transfer via Online Portal
TXN-1000217,ACC-500219,14324.54,EUR,WIRE_TRANSFER,2024-11-25,Legacy Txn #217 - WIRE_TRANSFER transfer via Online Portal
TXN-1000218,ACC-500102,9900.72,EUR,ACH_DEBIT,2024-05-19,Legacy Txn #218 - ACH_DEBIT transfer via Online Portal
TXN-1000219,ACC-500242,7329.97,EUR,INTEREST,2023-06-22,Legacy Txn #219 - INTEREST transfer via Online Portal
TXN-1000220,ACC-500198,14166.75,USD,FEE,2024-08-09,Legacy Txn #220 - FEE transfer via Online Portal
TXN-1000221,ACC-500257,5507.94,EUR,FEE,2024-04-24,Legacy Txn #221 - FEE transfer via Online Portal
TXN-1000222,ACC-500291,14170.50,USD,WITHDRAWAL,2023-02-20,Legacy Txn #222 - WITHDRAWAL transfer via Online Portal
TXN-1000223,ACC-500299,10961.20,EUR,INTEREST,2024-09-07,Legacy Txn #223 - INTEREST transfer via Online Portal
TXN-1000224,ACC-500259,14224.62,USD,DEPOSIT,2024-11-08,Legacy Txn #224 - DEPOSIT transfer via Online Portal
TXN-1000225,ACC-500043,2272.01,EUR,DEPOSIT,2023-06-23,Legacy Txn #225 - DEPOSIT transfer via Online Portal
TXN-1000226,ACC-500229,1406.22,EUR,ACH_DEBIT,2024-08-16,Legacy Txn #226 - ACH_DEBIT transfer via Online Portal
TXN-1000227,ACC-500044,"4,940.37",EUR,WITHDRAWAL,06-07-2024,Legacy Txn #227 - WITHDRAWAL transfer via Online Portal
TXN-1000228,ACC-500109,4867.16,EUR,ACH_DEBIT,2024-05-29,Legacy Txn #228 - ACH_DEBIT transfer via Online Portal
TXN-1000229,ACC-500266,6592.06,USD,WIRE_TRANSFER,2023-01-26,Legacy Txn #229 - WIRE_TRANSFER transfer via Online Portal
TXN-1000230,ACC-500264,9243.07,EUR,WIRE_TRANSFER,2024-03-17,Legacy Txn #230 - WIRE_TRANSFER transfer via Online Portal
TXN-1000231,ACC-500038,3252.33,EUR,WITHDRAWAL,2023-06-22,Legacy Txn #231 - WITHDRAWAL transfer via Online Portal
TXN-1000232,ACC-500051,4643.65,EUR,INTEREST,2023-01-10,Legacy Txn #232 - INTEREST transfer via Online Portal
TXN-1000233,ACC-500021,14197.53,USD,ACH_DEBIT,2023-06-09,Legacy Txn #233 - ACH_DEBIT transfer via Online Portal
TXN-1000234,ACC-500271,1252.05,EUR,ACH_DEBIT,2024-07-16,Legacy Txn #234 - ACH_DEBIT transfer via Online Portal
TXN-1000235,ACC-500005,2761.61,USD,FEE,2024-08-08,Legacy Txn #235 - FEE transfer via Online Portal
TXN-1000236,ACC-500093,3922.22,USD,INTEREST,15-12-2023,Legacy Txn #236 - INTEREST transfer via Online Portal
TXN-1000237,ACC-500182,2282.79,USD,FEE,2024-12-20,Legacy Txn #237 - FEE transfer via Online Portal
TXN-1000238,ACC-500271,5028.03,USD,WIRE_TRANSFER,2023-07-12,Legacy Txn #238 - WIRE_TRANSFER transfer via Online Portal
TXN-1000239,ACC-500097,7266.34,USD,FEE,2024-07-20,Legacy Txn #239 - FEE transfer via Online Portal
TXN-1000240,ACC-500193,3846.15,EUR,WIRE_TRANSFER,2023-08-09,Legacy Txn #240 - WIRE_TRANSFER transfer via Online Portal
TXN-1000241,ACC-500098,10653.34,USD,DEPOSIT,2024-09-02,Legacy Txn #241 - DEPOSIT transfer via Online Portal
TXN-1000242,ACC-500108,14049.57,EUR,INTEREST,2023-11-08,Legacy Txn #242 - INTEREST transfer via Online Portal
TXN-1000243,ACC-500213,2722.75,USD,WITHDRAWAL,08/14/2023,Legacy Txn #243 - WITHDRAWAL transfer via Online Portal
TXN-1000244,ACC-500142,2363.17,USD,WITHDRAWAL,2024-05-14,Legacy Txn #244 - WITHDRAWAL transfer via Online Portal
TXN-1000245,ACC-500075,5380.90,USD,WIRE_TRANSFER,2024-05-14,Legacy Txn #245 - WIRE_TRANSFER transfer via Online Portal
TXN-1000246,ACC-500257,9076.9,USD,INTEREST,2023-05-23,Legacy Txn #246 - INTEREST transfer via Online Portal
TXN-1000247,ACC-500027,9935.89,USD,DEPOSIT,2024-08-22,Legacy Txn #247 - DEPOSIT transfer via Online Portal
TXN-1000248,ACC-500300,4723.05,USD,ACH_DEBIT,2023-06-05,Legacy Txn #248 - ACH_DEBIT transfer via Online Portal
TXN-1000249,ACC-500022,8061.50,USD,DEPOSIT,2024-05-23,Legacy Txn #249 - DEPOSIT transfer via Online Portal
TXN-1000250,ACC-500150,3655.90,USD,INTEREST,2024-05-03,Legacy Txn #250 - INTEREST transfer via Online Portal
TXN-1000251,ACC-999999,7350.38,USD,FEE,2023-12-08,Legacy Txn #251 - FEE transfer via Online Portal
TXN-1000252,ACC-500087,1962.79,USD,WITHDRAWAL,1710028800,Legacy Txn #252 - WITHDRAWAL transfer via Online Portal
TXN-1000253,ACC-500086,7375.14,EUR,INTEREST,1688601600,Legacy Txn #253 - INTEREST transfer via Online Portal
TXN-1000254,ACC-500201,11012.72,USD,DEPOSIT,2023-06-30,Legacy Txn #254 - DEPOSIT transfer via Online Portal
TXN-1000255,ACC-500251,7256.10,USD,WIRE_TRANSFER,2023-07-01,Legacy Txn #255 - WIRE_TRANSFER transfer via Online Portal
TXN-1000256,ACC-500220,14720.06,USD,INTEREST,2023-09-11,Legacy Txn #256 - INTEREST transfer via Online Portal
TXN-1000257,ACC-500299,2981.1,USD,ACH_DEBIT,2024-11-22,Legacy Txn #257 - ACH_DEBIT transfer via Online Portal
TXN-1000258,ACC-500135,3949.26,USD,WITHDRAWAL,2024-12-31,Legacy Txn #258 - WITHDRAWAL transfer via Online Portal
TXN-1000259,ACC-500027,1143.83,USD,FEE,2024-09-10,Legacy Txn #259 - FEE transfer via Online Portal
TXN-1000260,ACC-500115,5001.69,USD,ACH_DEBIT,2023-08-10,Legacy Txn #260 - ACH_DEBIT transfer via Online Portal
TXN-1000261,ACC-500234,2472.02,USD,WIRE_TRANSFER,2024-10-01,Legacy Txn #261 - WIRE_TRANSFER transfer via Online Portal
TXN-1000262,ACC-500073,7523.96,USD,DEPOSIT,2024-04-10,Legacy Txn #262 - DEPOSIT transfer via Online Portal
TXN-1000263,ACC-500193,768.41,USD,ACH_DEBIT,2024-11-05,Legacy Txn #263 - ACH_DEBIT transfer via Online Portal
TXN-1000264,ACC-500229,2419.32,USD,INTEREST,2024-12-31,Legacy Txn #264 - INTEREST transfer via Online Portal
TXN-1000265,ACC-500285,13091.49,EUR,FEE,2024-07-01,Legacy Txn #265 - FEE transfer via Online Portal
TXN-1000266,ACC-500121,3388.02,EUR,WITHDRAWAL,2024-02-23,Legacy Txn #266 - WITHDRAWAL transfer via Online Portal
TXN-1000267,ACC-500183,5756.51,EUR,ACH_DEBIT,28-06-2024,Legacy Txn #267 - ACH_DEBIT transfer via Online Portal
TXN-1000268,ACC-500161,1227.80,USD,WIRE_TRANSFER,2023-10-30,Legacy Txn #268 - WIRE_TRANSFER transfer via Online Portal
TXN-1000269,ACC-500271,6858.39,EUR,ACH_DEBIT,2023-11-08,Legacy Txn #269 - ACH_DEBIT transfer via Online Portal
TXN-1000270,ACC-500214,9813.60,USD,DEPOSIT,2024-13-45,Legacy Txn #270 - DEPOSIT transfer via Online Portal
TXN-1000271,ACC-500080,11239.13,USD,DEPOSIT,2023-12-25,Legacy Txn #271 - DEPOSIT transfer via Online Portal
TXN-1000272,ACC-500289,11734.24,USD,WIRE_TRANSFER,2023-01-01,Legacy Txn #272 - WIRE_TRANSFER transfer via Online Portal
TXN-1000273,ACC-500069,10180.32,EUR,FEE,2024-04-07,Legacy Txn #273 - FEE transfer via Online Portal
TXN-1000274,ACC-500125,10546.92,EUR,INTEREST,2023-07-17,Legacy Txn #274 - INTEREST transfer via Online Portal
TXN-1000275,ACC-500251,1352.78,EUR,FEE,2024-11-01,Legacy Txn #275 - FEE transfer via Online Portal
TXN-1000276,ACC-500247,680.06,USD,FEE,2024-13-45,Legacy Txn #276 - FEE transfer via Online Portal
TXN-1000277,ACC-500223,11345.00,USD,DEPOSIT,2024-03-23,Legacy Txn #277 - DEPOSIT transfer via Online Portal
TXN-1000278,ACC-500085,3873.51,USD,WITHDRAWAL,2024-01-25,Legacy Txn #278 - WITHDRAWAL transfer via Online Portal
TXN-1000279,ACC-500285,12276.10,USD,DEPOSIT,1683504000,Legacy Txn #279 - DEPOSIT transfer via Online Portal
TXN-1000280,ACC-500135,7458.00,USD,FEE,2024-04-24,Legacy Txn #280 - FEE transfer via Online Portal
TXN-1000281,ACC-500202,1840.78,USD,DEPOSIT,2023-11-27,Legacy Txn #281 - DEPOSIT transfer via Online Portal
TXN-1000282,ACC-500258,7454.08,EUR,DEPOSIT,17-07-2023,Legacy Txn #282 - DEPOSIT transfer via Online Portal
TXN-1000283,ACC-500271,9503.53,USD,FEE,2023-10-09,Legacy Txn #283 - FEE transfer via Online Portal
TXN-1000284,ACC-999999,1690.30,USD,INTEREST,2024-01-10,Legacy Txn #284 - INTEREST transfer via Online Portal
TXN-1000285,ACC-500059,10022.68,USD,WIRE_TRANSFER,2024-09-27,Legacy Txn #285 - WIRE_TRANSFER transfer via Online Portal
TXN-1000286,ACC-500188,6714.08,USD,INTEREST,08/05/2024,Legacy Txn #286 - INTEREST transfer via Online Portal
TXN-1000287,ACC-500201,12539.50,EUR,FEE,2023-09-01,Legacy Txn #287 - FEE transfer via Online Portal
TXN-1000288,ACC-500162,7718.00,USD,ACH_DEBIT,2023-09-20,Legacy Txn #288 - ACH_DEBIT transfer via Online Portal
TXN-1000289,ACC-500298,4131.76,EUR,WIRE_TRANSFER,2024-07-01,Legacy Txn #289 - WIRE_TRANSFER transfer via Online Portal
TXN-1000290,ACC-500063,855.10,USD,WITHDRAWAL,2024-10-05,Legacy Txn #290 - WITHDRAWAL transfer via Online Portal
TXN-1000291,ACC-500218,9983.65,USD,INTEREST,2023-09-22,Legacy Txn #291 - INTEREST transfer via Online Portal
TXN-1000292,ACC-500142,"9,526.76",USD,FEE,2024-06-29,Legacy Txn #292 - FEE transfer via Online Portal
TXN-1000293,ACC-500259,10541.32,EUR,WIRE_TRANSFER,2024-10-11,Legacy Txn #293 - WIRE_TRANSFER transfer via Online Portal
TXN-1000294,ACC-500212,6961.67,EUR,FEE,2023-02-10,Legacy Txn #294 - FEE transfer via Online Portal
TXN-1000295,ACC-500029,3828.02,USD,WITHDRAWAL,2024-01-22,Legacy Txn #295 - WITHDRAWAL transfer via Online Portal
TXN-1000296,ACC-500195,7072.81,USD,DEPOSIT,2023-06-20,Legacy Txn #296 - DEPOSIT transfer via Online Portal
TXN-1000297,ACC-500155,4679.45,USD,WIRE_TRANSFER,2023-03-17,Legacy Txn #297 - WIRE_TRANSFER transfer via Online Portal
TXN-1000298,ACC-500200,11537.22,USD,WITHDRAWAL,2023-07-28,Legacy Txn #298 - WITHDRAWAL transfer via Online Portal
TXN-1000299,ACC-500250,3389.66,USD,DEPOSIT,2023-08-14,Legacy Txn #299 - DEPOSIT transfer via Online Portal
TXN-1000300,ACC-500173,12920.96,USD,FEE,2024-13-45,Legacy Txn #300 - FEE transfer via Online Portal
TXN-1000301,ACC-500043,4582.99,EUR,WIRE_TRANSFER,2024-07-31,Legacy Txn #301 - WIRE_TRANSFER transfer via Online Portal
TXN-1000302,ACC-500284,7349.01,USD,WIRE_TRANSFER,2023-04-18,Legacy Txn #302 - WIRE_TRANSFER transfer via Online Portal
TXN-1000303,ACC-500119,4097.16,EUR,WITHDRAWAL,2023-10-25,Legacy Txn #303 - WITHDRAWAL transfer via Online Portal
TXN-1000304,ACC-500054,11777.10,EUR,ACH_DEBIT,2024-02-01,Legacy Txn #304 - ACH_DEBIT transfer via Online Portal
TXN-1000305,ACC-500023,1580.28 USD,USD,WIRE_TRANSFER,2023-07-13,Legacy Txn #305 - WIRE_TRANSFER transfer via Online Portal
TXN-1000306,ACC-500047,13496.00,EUR,DEPOSIT,2024-11-30,Legacy Txn #306 - DEPOSIT transfer via Online Portal
TXN-1000307,ACC-500213,5751.72,USD,INTEREST,2023-07-24,Legacy Txn #307 - INTEREST transfer via Online Portal
TXN-1000308,ACC-500219,5124.02,EUR,WITHDRAWAL,2023-08-06,Legacy Txn #308 - WITHDRAWAL transfer via Online Portal
TXN-1000309,ACC-500222,8820.86,USD,WITHDRAWAL,2023-08-27,Legacy Txn #309 - WITHDRAWAL transfer via Online Portal
TXN-1000310,ACC-500069,"$9,673.52",USD,ACH_DEBIT,2024-09-22,Legacy Txn #310 - ACH_DEBIT transfer via Online Portal
TXN-1000311,ACC-500112,2048.66,USD,INTEREST,2023-04-14,Legacy Txn #311 - INTEREST transfer via Online Portal
TXN-1000312,ACC-500089,2456.14,USD,WITHDRAWAL,2023-06-19,Legacy Txn #312 - WITHDRAWAL transfer via Online Portal
TXN-1000313,ACC-500035,6726.93,USD,ACH_DEBIT,2023-12-18,Legacy Txn #313 - ACH_DEBIT transfer via Online Portal
TXN-1000314,ACC-500205,11428.22,EUR,INTEREST,2024-12-09,Legacy Txn #314 - INTEREST transfer via Online Portal
TXN-1000315,ACC-500290,"12,435.08",USD,WIRE_TRANSFER,2023-11-09,Legacy Txn #315 - WIRE_TRANSFER transfer via Online Portal
TXN-1000316,ACC-500168,14062.52,EUR,FEE,2024-07-19,Legacy Txn #316 - FEE transfer via Online Portal
TXN-1000317,ACC-500099,1966.82,USD,DEPOSIT,2023-01-10,Legacy Txn #317 - DEPOSIT transfer via Online Portal
TXN-1000318,ACC-500020,10095.84,EUR,FEE,2023-05-20,Legacy Txn #318 - FEE transfer via Online Portal
TXN-1000319,ACC-500010,1138.46,EUR,ACH_DEBIT,2024-11-02,Legacy Txn #319 - ACH_DEBIT transfer via Online Portal
TXN-1000320,ACC-500228,5980.43,USD,WIRE_TRANSFER,2023-07-21,Legacy Txn #320 - WIRE_TRANSFER transfer via Online Portal
TXN-1000321,ACC-500032,454.96,USD,FEE,2023-01-01,Legacy Txn #321 - FEE transfer via Online Portal
TXN-1000322,ACC-500036,8356.03,USD,WITHDRAWAL,2023-09-29,Legacy Txn #322 - WITHDRAWAL transfer via Online Portal
TXN-1000323,ACC-500099,4045.85,EUR,DEPOSIT,2024-04-18,Legacy Txn #323 - DEPOSIT transfer via Online Portal
TXN-1000324,ACC-500202,12548.29,EUR,WITHDRAWAL,2024-02-15,Legacy Txn #324 - WITHDRAWAL transfer via Online Portal
TXN-1000325,ACC-500231,9284.93,USD,WIRE_TRANSFER,2023-08-18,Legacy Txn #325 - WIRE_TRANSFER transfer via Online Portal
TXN-1000326,ACC-500258,10289.57,EUR,WIRE_TRANSFER,2023-10-17,Legacy Txn #326 - WIRE_TRANSFER transfer via Online Portal
TXN-1000327,ACC-500293,5268.21,USD,INTEREST,2024-11-14,Legacy Txn #327 - INTEREST transfer via Online Portal
TXN-1000328,ACC-999999,14570.82,EUR,ACH_DEBIT,2023-03-31,Legacy Txn #328 - ACH_DEBIT transfer via Online Portal
TXN-1000329,ACC-999999,6867.74,USD,WIRE_TRANSFER,2024-08-23,Legacy Txn #329 - WIRE_TRANSFER transfer via Online Portal
TXN-1000330,ACC-500087,5305.72,EUR,WITHDRAWAL,2024-11-06,Legacy Txn #330 - WITHDRAWAL transfer via Online Portal
TXN-1000331,ACC-500085,4573.35,EUR,DEPOSIT,2023-07-26,Legacy Txn #331 - DEPOSIT transfer via Online Portal
TXN-1000332,ACC-500200,14962.16,EUR,FEE,2023-08-23,Legacy Txn #332 - FEE transfer via Online Portal
TXN-1000333,ACC-500297,9585.16,EUR,FEE,2024-02-09,Legacy Txn #333 - FEE transfer via Online Portal
TXN-1000334,ACC-500227,8628.16,USD,FEE,2024-03-10,Legacy Txn #334 - FEE transfer via Online Portal
TXN-1000335,ACC-500051,"3,008.16",EUR,DEPOSIT,2023-09-10,Legacy Txn #335 - DEPOSIT transfer via Online Portal
TXN-1000336,ACC-500250,6116.13,USD,ACH_DEBIT,2023-02-11,Legacy Txn #336 - ACH_DEBIT transfer via Online Portal
TXN-1000337,ACC-500130,4843.63,EUR,INTEREST,2023-10-18,Legacy Txn #337 - INTEREST transfer via Online Portal
TXN-1000338,ACC-500096,14207.22,USD,WITHDRAWAL,2023-10-24,Legacy Txn #338 - WITHDRAWAL transfer via Online Portal
TXN-1000339,ACC-500169,993.48,USD,ACH_DEBIT,2023-02-24,Legacy Txn #339 - ACH_DEBIT transfer via Online Portal
TXN-1000340,ACC-500100,13155.81,USD,ACH_DEBIT,2024-11-07,Legacy Txn #340 - ACH_DEBIT transfer via Online Portal
TXN-1000341,ACC-500227,11426.16,USD,FEE,2023-05-27,Legacy Txn #341 - FEE transfer via Online Portal
TXN-1000342,ACC-500084,10564.63,EUR,WITHDRAWAL,2023-09-16,Legacy Txn #342 - WITHDRAWAL transfer via Online Portal
TXN-1000343,ACC-500191,338.06,USD,FEE,2024-04-11,Legacy Txn #343 - FEE transfer via Online Portal
TXN-1000344,ACC-500220,1144.36,USD,ACH_DEBIT,1700006400,Legacy Txn #344 - ACH_DEBIT transfer via Online Portal
TXN-1000345,ACC-500106,4346.32,USD,DEPOSIT,2024-09-16,Legacy Txn #345 - DEPOSIT transfer via Online Portal
TXN-1000346,ACC-500259,12018.97,USD,DEPOSIT,2023-07-08,Legacy Txn #346 - DEPOSIT transfer via Online Portal
TXN-1000347,ACC-500171,13541.55,USD,WIRE_TRANSFER,2024-09-13,Legacy Txn #347 - WIRE_TRANSFER transfer via Online Portal
TXN-1000348,ACC-500184,"$4,260.54",EUR,FEE,2024-12-31,Legacy Txn #348 - FEE transfer via Online Portal
TXN-1000349,ACC-500119,6524.16,EUR,INTEREST,2023-04-15,Legacy Txn #349 - INTEREST transfer via Online Portal
TXN-1000350,ACC-500069,3274.93,EUR,ACH_DEBIT,2023-06-02,Legacy Txn #350 - ACH_DEBIT transfer via Online Portal
TXN-1000351,ACC-500210,1112.12,USD,DEPOSIT,2023-12-25,Legacy Txn #351 - DEPOSIT transfer via Online Portal
TXN-1000352,ACC-500147,10000.98,EUR,ACH_DEBIT,2024-02-13,Legacy Txn #352 - ACH_DEBIT transfer via Online Portal
TXN-1000353,ACC-999999,253.4,USD,WIRE_TRANSFER,2024-01-16,Legacy Txn #353 - WIRE_TRANSFER transfer via Online Portal
TXN-1000354,ACC-500234,14244.16,USD,INTEREST,2023-11-06,Legacy Txn #354 - INTEREST transfer via Online Portal
TXN-1000355,ACC-500021,1604.23,USD,FEE,12/22/2023,Legacy Txn #355 - FEE transfer via Online Portal
TXN-1000356,ACC-500092,11013.15,USD,FEE,2024-08-24,Legacy Txn #356 - FEE transfer via Online Portal
TXN-1000357,ACC-500165,4383.28,USD,ACH_DEBIT,2023-09-03,Legacy Txn #357 - ACH_DEBIT transfer via Online Portal
TXN-1000358,ACC-500006,11704.39,USD,ACH_DEBIT,2023-02-27,Legacy Txn #358 - ACH_DEBIT transfer via Online Portal
TXN-1000359,ACC-500152,10444.40,USD,WITHDRAWAL,2023-10-24,Legacy Txn #359 - WITHDRAWAL transfer via Online Portal
TXN-1000360,ACC-500183,8931.97,EUR,DEPOSIT,2023-01-14,Legacy Txn #360 - DEPOSIT transfer via Online Portal
TXN-1000361,ACC-500038,14502.63,EUR,WITHDRAWAL,2024-12-17,Legacy Txn #361 - WITHDRAWAL transfer via Online Portal
TXN-1000362,ACC-500277,12901.76,USD,WIRE_TRANSFER,2023-01-13,Legacy Txn #362 - WIRE_TRANSFER transfer via Online Portal
TXN-1000363,ACC-500002,164.64,USD,WITHDRAWAL,2024-02-11,Legacy Txn #363 - WITHDRAWAL transfer via Online Portal
TXN-1000364,ACC-500258,5555.92,EUR,INTEREST,2024-07-08,Legacy Txn #364 - INTEREST transfer via Online Portal
TXN-1000365,ACC-500122,9094.73,USD,WITHDRAWAL,13-03-2023,Legacy Txn #365 - WITHDRAWAL transfer via Online Portal
TXN-1000366,ACC-500116,5840.65,EUR,ACH_DEBIT,2024-08-27,Legacy Txn #366 - ACH_DEBIT transfer via Online Portal
TXN-1000367,ACC-500083,10577.75,USD,FEE,2024-09-23,Legacy Txn #367 - FEE transfer via Online Portal
TXN-1000368,ACC-500182,1654.05,USD,FEE,2024-10-30,Legacy Txn #368 - FEE transfer via Online Portal
TXN-1000369,ACC-500172,4793.25,EUR,WITHDRAWAL,2024-06-18,Legacy Txn #369 - WITHDRAWAL transfer via Online Portal
TXN-1000370,ACC-500271,4378.05,USD,INTEREST,2024-08-06,Legacy Txn #370 - INTEREST transfer via Online Portal
TXN-1000371,ACC-500067,7030.40,EUR,INTEREST,2024-12-07,Legacy Txn #371 - INTEREST transfer via Online Portal
TXN-1000372,ACC-500024,13165.03,EUR,FEE,2024-02-06,Legacy Txn #372 - FEE transfer via Online Portal
TXN-1000373,ACC-500049,12373.71,USD,WITHDRAWAL,2024-10-06,Legacy Txn #373 - WITHDRAWAL transfer via Online Portal
TXN-1000374,ACC-500103,13513.11,EUR,ACH_DEBIT,2024-06-05,Legacy Txn #374 - ACH_DEBIT transfer via Online Portal
TXN-1000375,ACC-500158,12581.64,USD,WIRE_TRANSFER,2024-10-27,Legacy Txn #375 - WIRE_TRANSFER transfer via Online Portal
TXN-1000376,ACC-500040,3687.71,EUR,FEE,2023-07-27,Legacy Txn #376 - FEE transfer via Online Portal
TXN-1000377,ACC-500056,5728.16,EUR,DEPOSIT,2023-01-08,Legacy Txn #377 - DEPOSIT transfer via Online Portal
TXN-1000378,ACC-500213,"10,830.10",EUR,DEPOSIT,2024-12-29,Legacy Txn #378 - DEPOSIT transfer via Online Portal
TXN-1000379,ACC-500048,11973.22,USD,WITHDRAWAL,2023-08-08,Legacy Txn #379 - WITHDRAWAL transfer via Online Portal
TXN-1000380,ACC-500222,10398.55,EUR,INTEREST,1695081600,Legacy Txn #380 - INTEREST transfer via Online Portal
TXN-1000381,ACC-999999,6582.57,EUR,FEE,2024-04-15,Legacy Txn #381 - FEE transfer via Online Portal
TXN-1000382,ACC-500103,9044.41,USD,ACH_DEBIT,2024-04-21,Legacy Txn #382 - ACH_DEBIT transfer via Online Portal
TXN-1000383,ACC-500176,8679.55,USD,ACH_DEBIT,2023-07-22,Legacy Txn #383 - ACH_DEBIT transfer via Online Portal
TXN-1000384,ACC-500256,8125.93,USD,WIRE_TRANSFER,2023-03-03,Legacy Txn #384 - WIRE_TRANSFER transfer via Online Portal
TXN-1000385,ACC-999999,5344.98,USD,FEE,2023-02-28,Legacy Txn #385 - FEE transfer via Online Portal
TXN-1000386,ACC-500269,150.13,EUR,INTEREST,2023-09-29,Legacy Txn #386 - INTEREST transfer via Online Portal
TXN-1000387,ACC-500149,11334.79,EUR,WITHDRAWAL,2024-10-12,Legacy Txn #387 - WITHDRAWAL transfer via Online Portal
TXN-1000388,ACC-500055,2879.07,EUR,FEE,2023-03-07,Legacy Txn #388 - FEE transfer via Online Portal
TXN-1000389,ACC-500163,4557.41,EUR,DEPOSIT,2023-08-07,Legacy Txn #389 - DEPOSIT transfer via Online Portal
TXN-1000390,ACC-500151,"4,455.62",USD,FEE,18-08-2023,Legacy Txn #390 - FEE transfer via Online Portal
TXN-1000391,ACC-500117,10030.17,USD,DEPOSIT,2024-07-03,Legacy Txn #391 - DEPOSIT transfer via Online Portal
TXN-1000392,ACC-500210,2996.84,USD,DEPOSIT,20-06-2023,Legacy Txn #392 - DEPOSIT transfer via Online Portal
TXN-1000393,ACC-500242,10476.78,USD,FEE,2024-08-09,Legacy Txn #393 - FEE transfer via Online Portal
TXN-1000394,ACC-999999,211.64,USD,ACH_DEBIT,2024-07-28,Legacy Txn #394 - ACH_DEBIT transfer via Online Portal
TXN-1000395,ACC-500170,14304.52,USD,DEPOSIT,2023-04-04,Legacy Txn #395 - DEPOSIT transfer via Online Portal
TXN-1000396,ACC-500280,5887.17,USD,ACH_DEBIT,12-12-2024,Legacy Txn #396 - ACH_DEBIT transfer via Online Portal
TXN-1000397,ACC-500176,2652.06,EUR,FEE,1715040000,Legacy Txn #397 - FEE transfer via Online Portal
TXN-1000398,ACC-500182,914.88,EUR,ACH_DEBIT,2023-03-25,Legacy Txn #398 - ACH_DEBIT transfer via Online Portal
TXN-1000399,ACC-500179,2159.64,EUR,INTEREST,2023-02-11,Legacy Txn #399 - INTEREST transfer via Online Portal
TXN-1000400,ACC-500251,3961.12,EUR,WIRE_TRANSFER,2023-06-07,Legacy Txn #400 - WIRE_TRANSFER transfer via Online Portal
TXN-1000401,ACC-500092,13848.81,USD,WITHDRAWAL,2023-09-15,Legacy Txn #401 - WITHDRAWAL transfer via Online Portal
TXN-1000402,ACC-500153,11715.34,USD,INTEREST,2024-08-28,Legacy Txn #402 - INTEREST transfer via Online Portal
TXN-1000403,ACC-500069,13122.71,USD,FEE,2023-03-22,Legacy Txn #403 - FEE transfer via Online Portal
TXN-1000404,ACC-500174,9685.43,USD,INTEREST,1678147200,Legacy Txn #404 - INTEREST transfer via Online Portal
TXN-1000405,ACC-500290,8029.32,EUR,FEE,2023-08-16,Legacy Txn #405 - FEE transfer via Online Portal
TXN-1000406,ACC-500236,3702.95,USD,WIRE_TRANSFER,2023-06-18,Legacy Txn #406 - WIRE_TRANSFER transfer via Online Portal
TXN-1000407,ACC-500267,6179.01,EUR,WITHDRAWAL,2024-08-11,Legacy Txn #407 - WITHDRAWAL transfer via Online Portal
TXN-1000408,ACC-500141,4977.68,USD,FEE,2023-12-06,Legacy Txn #408 - FEE transfer via Online Portal
TXN-1000409,ACC-500256,9241.85,USD,FEE,07-03-2024,Legacy Txn #409 - FEE transfer via Online Portal
TXN-1000410,ACC-500036,10663.44,EUR,WITHDRAWAL,2024-07-30,Legacy Txn #410 - WITHDRAWAL transfer via Online Portal
TXN-1000411,ACC-500003,13336.33,USD,FEE,2023-11-15,Legacy Txn #411 - FEE transfer via Online Portal
TXN-1000412,ACC-500178,2508.78,EUR,ACH_DEBIT,2024-04-11,Legacy Txn #412 - ACH_DEBIT transfer via Online Portal
TXN-1000413,ACC-500148,12635.20,USD,FEE,2024-11-20,Legacy Txn #413 - FEE transfer via Online Portal
TXN-1000414,ACC-999999,10771.44,USD,DEPOSIT,2023-06-29,Legacy Txn #414 - DEPOSIT transfer via Online Portal
TXN-1000415,ACC-500040,6168.78,USD,FEE,2023-12-12,Legacy Txn #415 - FEE transfer via Online Portal
TXN-1000416,ACC-500065,4719.90,EUR,INTEREST,2023-10-28,Legacy Txn #416 - INTEREST transfer via Online Portal
TXN-1000417,ACC-500211,4030.66,USD,DEPOSIT,2024-06-03,Legacy Txn #417 - DEPOSIT transfer via Online Portal
TXN-1000418,ACC-999999,2359.14,EUR,INTEREST,2024-06-07,Legacy Txn #418 - INTEREST transfer via Online Portal
TXN-1000419,ACC-500126,7382.87,USD,WIRE_TRANSFER,2024-13-45,Legacy Txn #419 - WIRE_TRANSFER transfer via Online Portal
TXN-1000420,ACC-500268,11826.08,USD,WIRE_TRANSFER,2024-09-03,Legacy Txn #420 - WIRE_TRANSFER transfer via Online Portal
TXN-1000421,ACC-999999,11471.78,EUR,WIRE_TRANSFER,2023-06-30,Legacy Txn #421 - WIRE_TRANSFER transfer via Online Portal
TXN-1000422,ACC-500139,13863.17,USD,DEPOSIT,2024-05-19,Legacy Txn #422 - DEPOSIT transfer via Online Portal
TXN-1000423,ACC-500151,4525.65,USD,WITHDRAWAL,2024-10-18,Legacy Txn #423 - WITHDRAWAL transfer via Online Portal
TXN-1000424,ACC-500015,5014.30,USD,WITHDRAWAL,2024-06-14,Legacy Txn #424 - WITHDRAWAL transfer via Online Portal
TXN-1000425,ACC-500262,6789.32,EUR,INTEREST,2023-04-16,Legacy Txn #425 - INTEREST transfer via Online Portal
TXN-1000426,ACC-500075,8375.05,USD,DEPOSIT,2024-04-26,Legacy Txn #426 - DEPOSIT transfer via Online Portal
TXN-1000427,ACC-500224,2568.83,EUR,ACH_DEBIT,2023-10-30,Legacy Txn #427 - ACH_DEBIT transfer via Online Portal
TXN-1000428,ACC-500250,7262.00,USD,INTEREST,2023-03-30,Legacy Txn #428 - INTEREST transfer via Online Portal
TXN-1000429,ACC-500108,6568.86,USD,INTEREST,08/06/2024,Legacy Txn #429 - INTEREST transfer via Online Portal
TXN-1000430,ACC-500048,7569.30,EUR,WIRE_TRANSFER,2024-05-10,Legacy Txn #430 - WIRE_TRANSFER transfer via Online Portal
TXN-1000431,ACC-500264,2991.77,USD,WITHDRAWAL,2024-09-14,Legacy Txn #431 - WITHDRAWAL transfer via Online Portal
TXN-1000432,ACC-500263,14268.06,EUR,WIRE_TRANSFER,2024-05-05,Legacy Txn #432 - WIRE_TRANSFER transfer via Online Portal
TXN-1000433,ACC-500217,7802.91,USD,FEE,2024-07-04,Legacy Txn #433 - FEE transfer via Online Portal
TXN-1000434,ACC-500058,11483.61,USD,WIRE_TRANSFER,2023-03-23,Legacy Txn #434 - WIRE_TRANSFER transfer via Online Portal
TXN-1000435,ACC-500087,9900.5,EUR,ACH_DEBIT,2023-08-10,Legacy Txn #435 - ACH_DEBIT transfer via Online Portal
TXN-1000436,ACC-500194,10007.29,USD,INTEREST,2024-11-28,Legacy Txn #436 - INTEREST transfer via Online Portal
TXN-1000437,ACC-500002,3307.12,EUR,FEE,2023-08-30,Legacy Txn #437 - FEE transfer via Online Portal
TXN-1000438,ACC-500261,10696.63,EUR,WIRE_TRANSFER,2023-02-27,Legacy Txn #438 - WIRE_TRANSFER transfer via Online Portal
TXN-1000439,ACC-999999,10072.15,EUR,INTEREST,2023-10-19,Legacy Txn #439 - INTEREST transfer via Online Portal
TXN-1000440,ACC-500020,5258.25,USD,ACH_DEBIT,2024-11-15,Legacy Txn #440 - ACH_DEBIT transfer via Online Portal
TXN-1000441,ACC-500069,10059.27,USD,WITHDRAWAL,2024-09-27,Legacy Txn #441 - WITHDRAWAL transfer via Online Portal
TXN-1000442,ACC-500134,9305.62,USD,ACH_DEBIT,2024-12-04,Legacy Txn #442 - ACH_DEBIT transfer via Online Portal
TXN-1000443,ACC-999999,3440.90,USD,ACH_DEBIT,2024-10-01,Legacy Txn #443 - ACH_DEBIT transfer via Online Portal
TXN-1000444,ACC-500210,1015.80 USD,EUR,WITHDRAWAL,2023-03-25,Legacy Txn #444 - WITHDRAWAL transfer via Online Portal
TXN-1000445,ACC-500035,8043.21,USD,INTEREST,2024-11-28,Legacy Txn #445 - INTEREST transfer via Online Portal
TXN-1000446,ACC-500258,5975.16,USD,FEE,2024-09-26,Legacy Txn #446 - FEE transfer via Online Portal
TXN-1000447,ACC-500166,9682.15,EUR,WIRE_TRANSFER,04-10-2023,Legacy Txn #447 - WIRE_TRANSFER transfer via Online Portal
TXN-1000448,ACC-500153,12238.06,USD,WITHDRAWAL,2023-12-07,Legacy Txn #448 - WITHDRAWAL transfer via Online Portal
TXN-1000449,ACC-500216,3243.47,EUR,DEPOSIT,2023-10-03,Legacy Txn #449 - DEPOSIT transfer via Online Portal
TXN-1000450,ACC-500062,7366.84,USD,INTEREST,2023-02-04,Legacy Txn #450 - INTEREST transfer via Online Portal
TXN-1000451,ACC-500106,3933.10,EUR,FEE,2023-12-19,Legacy Txn #451 - FEE transfer via Online Portal
TXN-1000452,ACC-500031,6414.40,EUR,ACH_DEBIT,2024-03-02,Legacy Txn #452 - ACH_DEBIT transfer via Online Portal
TXN-1000453,ACC-500101,11977.67,USD,WIRE_TRANSFER,2024-11-03,Legacy Txn #453 - WIRE_TRANSFER transfer via Online Portal
TXN-1000454,ACC-500215,6757.43,USD,DEPOSIT,2023-04-15,Legacy Txn #454 - DEPOSIT transfer via Online Portal
TXN-1000455,ACC-500143,463.24,USD,FEE,2023-05-04,Legacy Txn #455 - FEE transfer via Online Portal
TXN-1000456,ACC-500122,6212.32,USD,DEPOSIT,2024-13-45,Legacy Txn #456 - DEPOSIT transfer via Online Portal
TXN-1000457,ACC-500206,1169.06,EUR,ACH_DEBIT,2024-09-27,Legacy Txn #457 - ACH_DEBIT transfer via Online Portal
TXN-1000458,ACC-500102,11389.65,USD,ACH_DEBIT,2024-05-07,Legacy Txn #458 - ACH_DEBIT transfer via Online Portal
TXN-1000459,ACC-500185,1554.71,USD,WITHDRAWAL,2024-04-16,Legacy Txn #459 - WITHDRAWAL transfer via Online Portal
TXN-1000460,ACC-500032,7535.67,USD,WIRE_TRANSFER,2024-06-19,Legacy Txn #460 - WIRE_TRANSFER transfer via Online Portal
TXN-1000461,ACC-500121,3880.92,USD,ACH_DEBIT,2023-03-04,Legacy Txn #461 - ACH_DEBIT transfer via Online Portal
TXN-1000462,ACC-500207,8180.93,USD,INTEREST,2024-06-20,Legacy Txn #462 - INTEREST transfer via Online Portal
TXN-1000463,ACC-500021,11812.86,USD,ACH_DEBIT,2024-02-03,Legacy Txn #463 - ACH_DEBIT transfer via Online Portal
TXN-1000464,ACC-500242,629.21,EUR,INTEREST,2024-03-26,Legacy Txn #464 - INTEREST transfer via Online Portal
TXN-1000465,ACC-500097,14195.85,EUR,WIRE_TRANSFER,2024-05-04,Legacy Txn #465 - WIRE_TRANSFER transfer via Online Portal
TXN-1000466,ACC-500148,811.75,USD,INTEREST,2023-03-20,Legacy Txn #466 - INTEREST transfer via Online Portal
TXN-1000467,ACC-500057,174.81 USD,EUR,DEPOSIT,2023-02-20,Legacy Txn #467 - DEPOSIT transfer via Online Portal
TXN-1000468,ACC-500103,6289.83,EUR,WIRE_TRANSFER,2024-04-24,Legacy Txn #468 - WIRE_TRANSFER transfer via Online Portal
TXN-1000469,ACC-500281,4252.97,USD,ACH_DEBIT,2024-12-06,Legacy Txn #469 - ACH_DEBIT transfer via Online Portal
TXN-1000470,ACC-500159,12496.64,USD,DEPOSIT,2024-05-05,Legacy Txn #470 - DEPOSIT transfer via Online Portal
TXN-1000471,ACC-500271,6259.12,USD,WITHDRAWAL,2023-05-01,Legacy Txn #471 - WITHDRAWAL transfer via Online Portal
TXN-1000472,ACC-500039,9343.36,USD,INTEREST,2024-13-45,Legacy Txn #472 - INTEREST transfer via Online Portal
TXN-1000473,ACC-500040,12828.09,USD,WITHDRAWAL,2023-04-01,Legacy Txn #473 - WITHDRAWAL transfer via Online Portal
TXN-1000474,ACC-500075,8052.89,USD,DEPOSIT,2023-11-10,Legacy Txn #474 - DEPOSIT transfer via Online Portal
TXN-1000475,ACC-500237,14993.59,USD,WITHDRAWAL,2024-12-07,Legacy Txn #475 - WITHDRAWAL transfer via Online Portal
TXN-1000476,ACC-500225,5306.01,USD,INTEREST,2024-07-16,Legacy Txn #476 - INTEREST transfer via Online Portal
TXN-1000477,ACC-500241,10627.20,USD,WIRE_TRANSFER,2023-12-27,Legacy Txn #477 - WIRE_TRANSFER transfer via Online Portal
TXN-1000478,ACC-500279,11206.26,USD,FEE,2023-09-25,Legacy Txn #478 - FEE transfer via Online Portal
TXN-1000479,ACC-500110,6315.93,USD,DEPOSIT,2024-08-14,Legacy Txn #479 - DEPOSIT transfer via Online Portal
TXN-1000480,ACC-500046,10318.43,USD,INTEREST,2024-02-12,Legacy Txn #480 - INTEREST transfer via Online Portal
TXN-1000481,ACC-500259,1507.90,EUR,INTEREST,2024-04-24,Legacy Txn #481 - INTEREST transfer via Online Portal
TXN-1000482,ACC-999999,"5,671.66",USD,FEE,2024-03-18,Legacy Txn #482 - FEE transfer via Online Portal
TXN-1000483,ACC-500164,2273.94,USD,ACH_DEBIT,2023-09-02,Legacy Txn #483 - ACH_DEBIT transfer via Online Portal
TXN-1000484,ACC-500125,10766.48,USD,ACH_DEBIT,2023-04-26,Legacy Txn #484 - ACH_DEBIT transfer via Online Portal
TXN-1000485,ACC-500155,8787.27,EUR,INTEREST,2024-08-25,Legacy Txn #485 - INTEREST transfer via Online Portal
TXN-1000486,ACC-500294,2693.74,EUR,DEPOSIT,2023-08-15,Legacy Txn #486 - DEPOSIT transfer via Online Portal
TXN-1000487,ACC-500097,8742.26,USD,WITHDRAWAL,2024-02-04,Legacy Txn #487 - WITHDRAWAL transfer via Online Portal
TXN-1000488,ACC-500195,10772.89,USD,ACH_DEBIT,2024-11-06,Legacy Txn #488 - ACH_DEBIT transfer via Online Portal
TXN-1000489,ACC-500288,44.44,USD,FEE,2023-10-11,Legacy Txn #489 - FEE transfer via Online Portal
TXN-1000490,ACC-500270,3063.49,EUR,FEE,2024-07-23,Legacy Txn #490 - FEE transfer via Online Portal
TXN-1000491,ACC-500098,$466.46,EUR,INTEREST,2023-12-15,Legacy Txn #491 - INTEREST transfer via Online Portal
TXN-1000492,ACC-500032,"10,087.89",USD,DEPOSIT,2024-10-21,Legacy Txn #492 - DEPOSIT transfer via Online Portal
TXN-1000493,ACC-500090,7664.72,EUR,WITHDRAWAL,2023-05-12,Legacy Txn #493 - WITHDRAWAL transfer via Online Portal
TXN-1000494,ACC-500095,13555.45,USD,DEPOSIT,2024-02-06,Legacy Txn #494 - DEPOSIT transfer via Online Portal
TXN-1000495,ACC-500001,12781.79,USD,WIRE_TRANSFER,2024-06-22,Legacy Txn #495 - WIRE_TRANSFER transfer via Online Portal
TXN-1000496,ACC-500229,1125.95,USD,WIRE_TRANSFER,2024-01-19,Legacy Txn #496 - WIRE_TRANSFER transfer via Online Portal
TXN-1000497,ACC-500140,940.97,USD,ACH_DEBIT,2024-09-24,Legacy Txn #497 - ACH_DEBIT transfer via Online Portal
TXN-1000498,ACC-500271,4383.41,EUR,INTEREST,2024-02-21,Legacy Txn #498 - INTEREST transfer via Online Portal
TXN-1000499,ACC-500245,9816.93,USD,WITHDRAWAL,2024-06-06,Legacy Txn #499 - WITHDRAWAL transfer via Online Portal
TXN-1000500,ACC-500235,6896.03,USD,INTEREST,2023-07-16,Legacy Txn #500 - INTEREST transfer via Online Portal
TXN-1000501,ACC-500277,7345.24,USD,ACH_DEBIT,1677283200,Legacy Txn #501 - ACH_DEBIT transfer via Online Portal
TXN-1000502,ACC-500125,10068.58,USD,INTEREST,2024-12-31,Legacy Txn #502 - INTEREST transfer via Online Portal
TXN-1000503,ACC-500109,2332.23,EUR,WITHDRAWAL,2023-12-08,Legacy Txn #503 - WITHDRAWAL transfer via Online Portal
TXN-1000504,ACC-500141,10705.52,USD,WITHDRAWAL,2023-07-23,Legacy Txn #504 - WITHDRAWAL transfer via Online Portal
TXN-1000505,ACC-500243,12882.77,USD,INTEREST,2024-06-05,Legacy Txn #505 - INTEREST transfer via Online Portal
TXN-1000506,ACC-500262,4482.58,USD,ACH_DEBIT,2024-07-24,Legacy Txn #506 - ACH_DEBIT transfer via Online Portal
TXN-1000507,ACC-500201,788.37,EUR,DEPOSIT,2023-02-14,Legacy Txn #507 - DEPOSIT transfer via Online Portal
TXN-1000508,ACC-500033,9288.61,EUR,DEPOSIT,2023-02-05,Legacy Txn #508 - DEPOSIT transfer via Online Portal
TXN-1000509,ACC-500173,3127.97,EUR,DEPOSIT,2024-03-15,Legacy Txn #509 - DEPOSIT transfer via Online Portal
TXN-1000510,ACC-500111,483.92,EUR,FEE,2024-05-23,Legacy Txn #510 - FEE transfer via Online Portal
TXN-1000511,ACC-500103,1523.44,USD,WIRE_TRANSFER,2023-10-29,Legacy Txn #511 - WIRE_TRANSFER transfer via Online Portal
TXN-1000512,ACC-500025,3728.60,EUR,INTEREST,2024-05-24,Legacy Txn #512 - INTEREST transfer via Online Portal
TXN-1000513,ACC-500153,6724.13,EUR,DEPOSIT,2023-06-24,Legacy Txn #513 - DEPOSIT transfer via Online Portal
TXN-1000514,ACC-500092,3294.07,USD,WITHDRAWAL,2024-11-06,Legacy Txn #514 - WITHDRAWAL transfer via Online Portal
TXN-1000515,ACC-999999,10621.66,USD,DEPOSIT,2024-10-31,Legacy Txn #515 - DEPOSIT transfer via Online Portal
TXN-1000516,ACC-500072,3752.63,EUR,DEPOSIT,2024-08-25,Legacy Txn #516 - DEPOSIT transfer via Online Portal
TXN-1000517,ACC-500233,9148.95,EUR,WIRE_TRANSFER,2024-09-24,Legacy Txn #517 - WIRE_TRANSFER transfer via Online Portal
TXN-1000518,ACC-500283,13912.15,EUR,DEPOSIT,2024-03-21,Legacy Txn #518 - DEPOSIT transfer via Online Portal
TXN-1000519,ACC-500188,1867.21,USD,INTEREST,2024-13-45,Legacy Txn #519 - INTEREST transfer via Online Portal
TXN-1000520,ACC-500034,2944.74,USD,WITHDRAWAL,2023-09-10,Legacy Txn #520 - WITHDRAWAL transfer via Online Portal
TXN-1000521,ACC-500189,10852.20,USD,INTEREST,2024-08-11,Legacy Txn #521 - INTEREST transfer via Online Portal
TXN-1000522,ACC-500189,12119.55,USD,DEPOSIT,2024-09-02,Legacy Txn #522 - DEPOSIT transfer via Online Portal
TXN-1000523,ACC-500167,13075.83,USD,WIRE_TRANSFER,2023-10-28,Legacy Txn #523 - WIRE_TRANSFER transfer via Online Portal
TXN-1000524,ACC-500133,1377.76,USD,INTEREST,2023-01-30,Legacy Txn #524 - INTEREST transfer via Online Portal
TXN-1000525,ACC-500181,13097.13,EUR,WIRE_TRANSFER,08-05-2023,Legacy Txn #525 - WIRE_TRANSFER transfer via Online Portal
TXN-1000526,ACC-500287,4254.7,EUR,WIRE_TRANSFER,2023-03-23,Legacy Txn #526 - WIRE_TRANSFER transfer via Online Portal
TXN-1000527,ACC-500115,14815.66,USD,DEPOSIT,2023-01-23,Legacy Txn #527 - DEPOSIT transfer via Online Portal
TXN-1000528,ACC-500048,14151.54,USD,ACH_DEBIT,2023-04-28,Legacy Txn #528 - ACH_DEBIT transfer via Online Portal
TXN-1000529,ACC-500273,11939.21,EUR,ACH_DEBIT,2023-10-10,Legacy Txn #529 - ACH_DEBIT transfer via Online Portal
TXN-1000530,ACC-500039,401.83,EUR,FEE,2024-01-25,Legacy Txn #530 - FEE transfer via Online Portal
TXN-1000531,ACC-500255,8698.23,USD,ACH_DEBIT,2024-11-14,Legacy Txn #531 - ACH_DEBIT transfer via Online Portal
TXN-1000532,ACC-500225,6969.36 USD,EUR,WIRE_TRANSFER,2023-08-17,Legacy Txn #532 - WIRE_TRANSFER transfer via Online Portal
TXN-1000533,ACC-500190,2951.21,EUR,INTEREST,2023-09-02,Legacy Txn #533 - INTEREST transfer via Online Portal
TXN-1000534,ACC-500039,7367.99,EUR,WIRE_TRANSFER,2023-05-04,Legacy Txn #534 - WIRE_TRANSFER transfer via Online Portal
TXN-1000535,ACC-500182,12281.91,USD,FEE,2024-01-31,Legacy Txn #535 - FEE transfer via Online Portal
TXN-1000536,ACC-500149,443.81,USD,DEPOSIT,2024-08-06,Legacy Txn #536 - DEPOSIT transfer via Online Portal
TXN-1000537,ACC-500041,10087.16,USD,ACH_DEBIT,2024-10-23,Legacy Txn #537 - ACH_DEBIT transfer via Online Portal
TXN-1000538,ACC-500123,12925.84,USD,WITHDRAWAL,2024-02-29,Legacy Txn #538 - WITHDRAWAL transfer via Online Portal
TXN-1000539,ACC-500019,5541.88,USD,WIRE_TRANSFER,2024-10-29,Legacy Txn #539 - WIRE_TRANSFER transfer via Online Portal
TXN-1000540,ACC-500294,6847.15,USD,ACH_DEBIT,2023-05-01,Legacy Txn #540 - ACH_DEBIT transfer via Online Portal
TXN-1000541,ACC-500257,522.63,USD,ACH_DEBIT,2024-11-09,Legacy Txn #541 - ACH_DEBIT transfer via Online Portal
TXN-1000542,ACC-500021,465.50,USD,FEE,2024-08-05,Legacy Txn #542 - FEE transfer via Online Portal
TXN-1000543,ACC-500111,312.71,USD,DEPOSIT,2023-12-21,Legacy Txn #543 - DEPOSIT transfer via Online Portal
TXN-1000544,ACC-500160,12459.37,EUR,DEPOSIT,2024-07-17,Legacy Txn #544 - DEPOSIT transfer via Online Portal
TXN-1000545,ACC-500059,13340.18,USD,FEE,2023-02-04,Legacy Txn #545 - FEE transfer via Online Portal
TXN-1000546,ACC-500239,13008.39,USD,WIRE_TRANSFER,2023-03-24,Legacy Txn #546 - WIRE_TRANSFER transfer via Online Portal
TXN-1000547,ACC-500286,"5,718.74",USD,DEPOSIT,12/01/2024,Legacy Txn #547 - DEPOSIT transfer via Online Portal
TXN-1000548,ACC-500166,4080.20,EUR,WIRE_TRANSFER,2024-02-12,Legacy Txn #548 - WIRE_TRANSFER transfer via Online Portal
TXN-1000549,ACC-500273,10982.76,EUR,ACH_DEBIT,2023-02-04,Legacy Txn #549 - ACH_DEBIT transfer via Online Portal
TXN-1000550,ACC-500084,13228.47,USD,WIRE_TRANSFER,2023-11-25,Legacy Txn #550 - WIRE_TRANSFER transfer via Online Portal
TXN-1000551,ACC-500168,6876.57,USD,WITHDRAWAL,2024-12-03,Legacy Txn #551 - WITHDRAWAL transfer via Online Portal
TXN-1000552,ACC-999999,10122.30,USD,WITHDRAWAL,2024-10-09,Legacy Txn #552 - WITHDRAWAL transfer via Online Portal
TXN-1000553,ACC-500072,1304.43,USD,FEE,2023-10-17,Legacy Txn #553 - FEE transfer via Online Portal
TXN-1000554,ACC-500070,12836.73,USD,ACH_DEBIT,2023-04-16,Legacy Txn #554 - ACH_DEBIT transfer via Online Portal
TXN-1000555,ACC-500246,374.08,EUR,ACH_DEBIT,2024-01-02,Legacy Txn #555 - ACH_DEBIT transfer via Online Portal
TXN-1000556,ACC-500277,2607.53,USD,WIRE_TRANSFER,2024-10-09,Legacy Txn #556 - WIRE_TRANSFER transfer via Online Portal
TXN-1000557,ACC-500157,2031.38,EUR,DEPOSIT,2024-07-07,Legacy Txn #557 - DEPOSIT transfer via Online Portal
TXN-1000558,ACC-999999,1690.89,USD,FEE,1684454400,Legacy Txn #558 - FEE transfer via Online Portal
TXN-1000559,ACC-500255,4170.11,USD,DEPOSIT,12/03/2024,Legacy Txn #559 - DEPOSIT transfer via Online Portal
TXN-1000560,ACC-500250,4287.82,USD,WIRE_TRANSFER,2024-05-13,Legacy Txn #560 - WIRE_TRANSFER transfer via Online Portal
TXN-1000561,ACC-500250,11166.34,USD,INTEREST,2024-13-45,Legacy Txn #561 - INTEREST transfer via Online Portal
TXN-1000562,ACC-500179,3992.84,USD,WIRE_TRANSFER,2023-10-28,Legacy Txn #562 - WIRE_TRANSFER transfer via Online Portal
TXN-1000563,ACC-500103,4106.20,USD,WIRE_TRANSFER,2024-03-01,Legacy Txn #563 - WIRE_TRANSFER transfer via Online Portal
TXN-1000564,ACC-500153,2815.41,USD,WIRE_TRANSFER,2023-10-21,Legacy Txn #564 - WIRE_TRANSFER transfer via Online Portal
TXN-1000565,ACC-500004,14973.76,USD,DEPOSIT,2023-10-23,Legacy Txn #565 - DEPOSIT transfer via Online Portal
TXN-1000566,ACC-500081,10336.56,EUR,FEE,2023-09-17,Legacy Txn #566 - FEE transfer via Online Portal
TXN-1000567,ACC-500170,3958.86,USD,WITHDRAWAL,2024-06-14,Legacy Txn #567 - WITHDRAWAL transfer via Online Portal
TXN-1000568,ACC-500178,12121.29,EUR,ACH_DEBIT,2024-07-11,Legacy Txn #568 - ACH_DEBIT transfer via Online Portal
TXN-1000569,ACC-500031,4631.82,USD,ACH_DEBIT,2023-09-11,Legacy Txn #569 - ACH_DEBIT transfer via Online Portal
TXN-1000570,ACC-500235,13878.54,USD,WITHDRAWAL,2024-07-31,Legacy Txn #570 - WITHDRAWAL transfer via Online Portal
TXN-1000571,ACC-500205,"$10,041.64",EUR,WIRE_TRANSFER,2023-03-05,Legacy Txn #571 - WIRE_TRANSFER transfer via Online Portal
TXN-1000572,ACC-500012,13448.43,USD,WIRE_TRANSFER,2024-09-03,Legacy Txn #572 - WIRE_TRANSFER transfer via Online Portal
TXN-1000573,ACC-500282,4464.85,USD,FEE,2024-12-12,Legacy Txn #573 - FEE transfer via Online Portal
TXN-1000574,ACC-500236,11185.60,EUR,WIRE_TRANSFER,2023-10-19,Legacy Txn #574 - WIRE_TRANSFER transfer via Online Portal
TXN-1000575,ACC-500118,4549.67,USD,WIRE_TRANSFER,2024-12-19,Legacy Txn #575 - WIRE_TRANSFER transfer via Online Portal
TXN-1000576,ACC-500091,6627.45,USD,DEPOSIT,2023-12-27,Legacy Txn #576 - DEPOSIT transfer via Online Portal
TXN-1000577,ACC-500117,2178.55,USD,WITHDRAWAL,2024-03-05,Legacy Txn #577 - WITHDRAWAL transfer via Online Portal
TXN-1000578,ACC-500082,5068.85,USD,DEPOSIT,2023-06-23,Legacy Txn #578 - DEPOSIT transfer via Online Portal
TXN-1000579,ACC-500022,12663.25,EUR,ACH_DEBIT,2024-12-24,Legacy Txn #579 - ACH_DEBIT transfer via Online Portal
TXN-1000580,ACC-500220,6168.25,EUR,DEPOSIT,2024-10-15,Legacy Txn #580 - DEPOSIT transfer via Online Portal
TXN-1000581,ACC-500217,2559.47,USD,INTEREST,2024-03-13,Legacy Txn #581 - INTEREST transfer via Online Portal
TXN-1000582,ACC-500300,7496.84,USD,INTEREST,2023-09-04,Legacy Txn #582 - INTEREST transfer via Online Portal
TXN-1000583,ACC-500126,13466.47,USD,DEPOSIT,2023-01-03,Legacy Txn #583 - DEPOSIT transfer via Online Portal
TXN-1000584,ACC-500151,8350.02,EUR,DEPOSIT,2023-04-21,Legacy Txn #584 - DEPOSIT transfer via Online Portal
TXN-1000585,ACC-500273,6832.80,USD,FEE,2023-03-12,Legacy Txn #585 - FEE transfer via Online Portal
TXN-1000586,ACC-500122,11678.21,USD,ACH_DEBIT,2024-09-23,Legacy Txn #586 - ACH_DEBIT transfer via Online Portal
TXN-1000587,ACC-500008,3001.61,USD,ACH_DEBIT,2023-04-03,Legacy Txn #587 - ACH_DEBIT transfer via Online Portal
TXN-1000588,ACC-500187,8424.47,EUR,DEPOSIT,2024-09-25,Legacy Txn #588 - DEPOSIT transfer via Online Portal
TXN-1000589,ACC-500263,4942.53,EUR,WIRE_TRANSFER,2024-08-28,Legacy Txn #589 - WIRE_TRANSFER transfer via Online Portal
TXN-1000590,ACC-500200,12478.67,EUR,FEE,2024-12-14,Legacy Txn #590 - FEE transfer via Online Portal
TXN-1000591,ACC-500185,13584.32,USD,FEE,2023-02-07,Legacy Txn #591 - FEE transfer via Online Portal
TXN-1000592,ACC-500072,6391.78,USD,FEE,2024-02-28,Legacy Txn #592 - FEE transfer via Online Portal
TXN-1000593,ACC-500080,1750.03,USD,FEE,2023-11-01,Legacy Txn #593 - FEE transfer via Online Portal
TXN-1000594,ACC-500014,12498.21,USD,DEPOSIT,2023-01-06,Legacy Txn #594 - DEPOSIT transfer via Online Portal
TXN-1000595,ACC-500063,12971.01,EUR,WITHDRAWAL,2024-06-10,Legacy Txn #595 - WITHDRAWAL transfer via Online Portal
TXN-1000596,ACC-500140,11449.80,USD,WITHDRAWAL,19-07-2023,Legacy Txn #596 - WITHDRAWAL transfer via Online Portal
TXN-1000597,ACC-500256,2252.16,EUR,FEE,2024-05-01,Legacy Txn #597 - FEE transfer via Online Portal
TXN-1000598,ACC-500236,4572.32,USD,DEPOSIT,2023-09-09,Legacy Txn #598 - DEPOSIT transfer via Online Portal
TXN-1000599,ACC-500105,7743.71,USD,WITHDRAWAL,2024-01-09,Legacy Txn #599 - WITHDRAWAL transfer via Online Portal
TXN-1000600,ACC-500169,14713.18,EUR,ACH_DEBIT,2024-05-12,Legacy Txn #600 - ACH_DEBIT transfer via Online Portal
